{"Cruise": {"HingeMoments": {}, "ElementForces": {"Wing": {"1": {"Slope": [1.0, 1.0, 1.0, 1.0, 1.0, 1.0, 1.0, 0.99996], "DX": [0.01542, 0.03257, 0.04595, 0.05312, 0.05312, 0.04595, 0.03257, 0.01542], "Y": [-0.03054, -0.03054, -0.03054, -0.03054, -0.03054, -0.03054, -0.03054, -0.03054], "X": [0.00302, 0.02251, 0.05885, 0.10715, 0.16087, 0.21277, 0.25582, 0.28423], "Z": [0.00904, 0.00904, 0.00904, 0.00904, 0.00904, 0.00904, 0.00904, 0.00904], "dCp": [22.12149, -24.23367, -13.88259, -8.66189, -5.69889, -3.72938, -2.28938, -1.16224]}, "2": {"Slope": [1.0, 1.0, 1.0, 1.0, 1.0, 1.0, 1.0, 0.99996], "DX": [0.01521, 0.03213, 0.04533, 0.05241, 0.05241, 0.04533, 0.03213, 0.01521], "Y": [-0.15064, -0.15064, -0.15064, -0.15064, -0.15064, -0.15064, -0.15064, -0.15064], "X": [0.00501, 0.02424, 0.0601, 0.10774, 0.16075, 0.21194, 0.25442, 0.28244], "Z": [0.04456, 0.04456, 0.04456, 0.04456, 0.04456, 0.04456, 0.04456, 0.04456], "dCp": [33.14674, -16.79816, -11.77468, -8.1664, -5.67309, -3.86961, -2.49799, -1.34123]}, "3": {"Slope": [1.0, 1.0, 1.0, 1.0, 1.0, 1.0, 1.0, 0.99996], "DX": [0.01481, 0.03128, 0.04413, 0.05102, 0.05102, 0.04413, 0.03128, 0.01481], "Y": [-0.38264, -0.38264, -0.38264, -0.38264, -0.38264, -0.38264, -0.38264, -0.38264], "X": [0.00886, 0.02758, 0.0625, 0.10889, 0.1605, 0.21035, 0.2517, 0.27899], "Z": [0.11319, 0.11319, 0.11319, 0.11319, 0.11319, 0.11319, 0.11319, 0.11319], "dCp": [33.38635, -14.9906, -10.6648, -7.5848, -5.45632, -3.85232, -2.5512, -1.39011]}, "4": {"Slope": [1.0, 1.0, 1.0, 1.0, 1.0, 1.0, 1.0, 0.99996], "DX": [0.01424, 0.03007, 0.04243, 0.04905, 0.04905, 0.04243, 0.03007, 0.01424], "Y": [-0.71075, -0.71075, -0.71075, -0.71075, -0.71075, -0.71075, -0.71075, -0.71075], "X": [0.01431, 0.03231, 0.06589, 0.11051, 0.16015, 0.20809, 0.24787, 0.27411], "Z": [0.21025, 0.21025, 0.21025, 0.21025, 0.21025, 0.21025, 0.21025, 0.21025], "dCp": [33.12419, -14.38556, -10.25201, -7.31551, -5.28584, -3.75356, -2.49946, -1.36709]}, "5": {"Slope": [1.0, 1.0, 1.0, 1.0, 1.0, 1.0, 1.0, 0.99996], "DX": [0.01354, 0.0286, 0.04035, 0.04665, 0.04665, 0.04035, 0.0286, 0.01354], "Y": [-1.11259, -1.11259, -1.11259, -1.11259, -1.11259, -1.11259, -1.11259, -1.11259], "X": [0.02098, 0.03811, 0.07005, 0.1125, 0.15972, 0.20533, 0.24317, 0.26813], "Z": [0.32912, 0.32912, 0.32912, 0.32912, 0.32912, 0.32912, 0.32912, 0.32912], "dCp": [32.97331, -14.11702, -10.07324, -7.18848, -5.19735, -3.69395, -2.46192, -1.34749]}, "6": {"Slope": [1.0, 1.0, 1.0, 1.0, 1.0, 1.0, 1.0, 0.99996], "DX": [0.01276, 0.02695, 0.03802, 0.04396, 0.04396, 0.03802, 0.02695, 0.01276], "Y": [-1.56078, -1.56078, -1.56078, -1.56078, -1.56078, -1.56078, -1.56078, -1.56078], "X": [0.02842, 0.04457, 0.07469, 0.11472, 0.15924, 0.20224, 0.23792, 0.26146], "Z": [0.4617, 0.4617, 0.4617, 0.4617, 0.4617, 0.4617, 0.4617, 0.4617], "dCp": [32.75054, -13.96641, -9.97066, -7.11502, -5.14435, -3.65708, -2.43783, -1.33452]}, "7": {"Slope": [1.0, 1.0, 1.0, 1.0, 1.0, 1.0, 1.0, 0.99996], "DX": [0.01195, 0.02525, 0.03562, 0.04118, 0.04118, 0.03562, 0.02525, 0.01195], "Y": [-2.02479, -2.02479, -2.02479, -2.02479, -2.02479, -2.02479, -2.02479, -2.02479], "X": [0.03612, 0.05126, 0.0795, 0.11701, 0.15874, 0.19905, 0.2325, 0.25456], "Z": [0.59896, 0.59896, 0.59896, 0.59896, 0.59896, 0.59896, 0.59896, 0.59896], "dCp": [32.31704, -13.85233, -9.88383, -7.05116, -5.09804, -3.62342, -2.41519, -1.32209]}, "8": {"Slope": [1.0, 1.0, 1.0, 1.0, 1.0, 1.0, 1.0, 0.99996], "DX": [0.01117, 0.0236, 0.0333, 0.0385, 0.0385, 0.0333, 0.0236, 0.01117], "Y": [-2.47299, -2.47299, -2.47299, -2.47299, -2.47299, -2.47299, -2.47299, -2.47299], "X": [0.04356, 0.05773, 0.08414, 0.11923, 0.15826, 0.19597, 0.22725, 0.24789], "Z": [0.73154, 0.73154, 0.73154, 0.73154, 0.73154, 0.73154, 0.73154, 0.73154], "dCp": [31.27724, -13.70937, -9.76159, -6.95885, -5.02869, -3.57236, -2.38035, -1.30275]}, "9": {"Slope": [1.0, 1.0, 1.0, 1.0, 1.0, 1.0, 1.0, 0.99996], "DX": [0.01047, 0.02213, 0.03122, 0.03609, 0.03609, 0.03122, 0.02213, 0.01047], "Y": [-2.87483, -2.87483, -2.87483, -2.87483, -2.87483, -2.87483, -2.87483, -2.87483], "X": [0.05024, 0.06352, 0.0883, 0.12122, 0.15783, 0.1932, 0.22255, 0.24191], "Z": [0.85041, 0.85041, 0.85041, 0.85041, 0.85041, 0.85041, 0.85041, 0.85041], "dCp": [28.89238, -13.43812, -9.51719, -6.77042, -4.88281, -3.46405, -2.30588, -1.26108]}, "10": {"Slope": [1.0, 1.0, 1.0, 1.0, 1.0, 1.0, 1.0, 0.99996], "DX": [0.0099, 0.02092, 0.02952, 0.03413, 0.03413, 0.02952, 0.02092, 0.0099], "Y": [-3.20294, -3.20294, -3.20294, -3.20294, -3.20294, -3.20294, -3.20294, -3.20294], "X": [0.05568, 0.06825, 0.09169, 0.12284, 0.15748, 0.19095, 0.21871, 0.23703], "Z": [0.94747, 0.94747, 0.94747, 0.94747, 0.94747, 0.94747, 0.94747, 0.94747], "dCp": [23.41937, -12.77682, -8.92671, -6.29689, -4.51442, -3.18192, -2.1092, -1.15079]}, "11": {"Slope": [1.0, 1.0, 1.0, 1.0, 1.0, 1.0, 1.0, 0.99996], "DX": [0.0095, 0.02007, 0.02832, 0.03274, 0.03274, 0.02832, 0.02007, 0.0095], "Y": [-3.43494, -3.43494, -3.43494, -3.43494, -3.43494, -3.43494, -3.43494, -3.43494], "X": [0.05953, 0.0716, 0.09409, 0.12398, 0.15723, 0.18935, 0.216, 0.23358], "Z": [1.0161, 1.0161, 1.0161, 1.0161, 1.0161, 1.0161, 1.0161, 1.0161], "dCp": [11.91431, -10.93933, -7.27172, -4.94128, -3.42464, -2.35916, -1.54155, -0.83505]}, "12": {"Slope": [1.0, 1.0, 1.0, 1.0, 1.0, 1.0, 1.0, 0.99996], "DX": [0.00929, 0.01963, 0.0277, 0.03202, 0.03202, 0.0277, 0.01963, 0.00929], "Y": [-3.55503, -3.55503, -3.55503, -3.55503, -3.55503, -3.55503, -3.55503, -3.55503], "X": [0.06153, 0.07333, 0.09534, 0.12458, 0.15711, 0.18853, 0.2146, 0.23179], "Z": [1.05162, 1.05162, 1.05162, 1.05162, 1.05162, 1.05162, 1.05162, 1.05162], "dCp": [-2.68461, -5.37089, -2.69555, -1.54792, -1.01629, -0.71109, -0.49126, -0.28277]}, "13": {"Slope": [1.0, 1.0, 1.0, 1.0, 1.0, 1.0, 1.0, 0.99996], "DX": [0.01542, 0.03257, 0.04595, 0.05312, 0.05312, 0.04595, 0.03257, 0.01542], "Y": [0.03054, 0.03054, 0.03054, 0.03054, 0.03054, 0.03054, 0.03054, 0.03054], "X": [0.00302, 0.02251, 0.05885, 0.10715, 0.16087, 0.21277, 0.25582, 0.28423], "Z": [0.00904, 0.00904, 0.00904, 0.00904, 0.00904, 0.00904, 0.00904, 0.00904], "dCp": [22.12165, -24.23365, -13.88259, -8.66188, -5.69889, -3.72938, -2.28938, -1.16224]}, "14": {"Slope": [1.0, 1.0, 1.0, 1.0, 1.0, 1.0, 1.0, 0.99996], "DX": [0.01521, 0.03213, 0.04533, 0.05241, 0.05241, 0.04533, 0.03213, 0.01521], "Y": [0.15064, 0.15064, 0.15064, 0.15064, 0.15064, 0.15064, 0.15064, 0.15064], "X": [0.00501, 0.02424, 0.0601, 0.10774, 0.16075, 0.21194, 0.25442, 0.28244], "Z": [0.04456, 0.04456, 0.04456, 0.04456, 0.04456, 0.04456, 0.04456, 0.04456], "dCp": [33.1468, -16.79809, -11.77469, -8.1664, -5.67309, -3.86961, -2.49799, -1.34123]}, "15": {"Slope": [1.0, 1.0, 1.0, 1.0, 1.0, 1.0, 1.0, 0.99996], "DX": [0.01481, 0.03128, 0.04413, 0.05102, 0.05102, 0.04413, 0.03128, 0.01481], "Y": [0.38264, 0.38264, 0.38264, 0.38264, 0.38264, 0.38264, 0.38264, 0.38264], "X": [0.00886, 0.02758, 0.0625, 0.10889, 0.1605, 0.21035, 0.2517, 0.27899], "Z": [0.11319, 0.11319, 0.11319, 0.11319, 0.11319, 0.11319, 0.11319, 0.11319], "dCp": [33.38647, -14.99052, -10.66477, -7.5848, -5.45633, -3.85233, -2.5512, -1.39011]}, "16": {"Slope": [1.0, 1.0, 1.0, 1.0, 1.0, 1.0, 1.0, 0.99996], "DX": [0.01424, 0.03007, 0.04243, 0.04905, 0.04905, 0.04243, 0.03007, 0.01424], "Y": [0.71075, 0.71075, 0.71075, 0.71075, 0.71075, 0.71075, 0.71075, 0.71075], "X": [0.01431, 0.03231, 0.06589, 0.11051, 0.16015, 0.20809, 0.24787, 0.27411], "Z": [0.21025, 0.21025, 0.21025, 0.21025, 0.21025, 0.21025, 0.21025, 0.21025], "dCp": [33.12434, -14.38566, -10.25198, -7.31551, -5.28583, -3.75356, -2.49946, -1.36709]}, "17": {"Slope": [1.0, 1.0, 1.0, 1.0, 1.0, 1.0, 1.0, 0.99996], "DX": [0.01354, 0.0286, 0.04035, 0.04665, 0.04665, 0.04035, 0.0286, 0.01354], "Y": [1.11259, 1.11259, 1.11259, 1.11259, 1.11259, 1.11259, 1.11259, 1.11259], "X": [0.02098, 0.03811, 0.07005, 0.1125, 0.15972, 0.20533, 0.24317, 0.26813], "Z": [0.32912, 0.32912, 0.32912, 0.32912, 0.32912, 0.32912, 0.32912, 0.32912],